timestamp,run_name,blob_name,Noctiluca,Phyto_Centrics,Tripos,bubbles,copepods,fish_eggs,fish_larvae,other
2000-01-01 00:00:00+00:00,inference-2026-08-20T16-49-50Z-2025-06-05,timeseries.json,0,68,55,37,12,0,0,830
2000-01-02 00:00:00+00:00,inference-2026-08-20T16-49-50Z-2025-06-05,timeseries.json,0,80,64,41,4,0,0,867
2000-01-03 00:00:00+00:00,inference-2026-08-20T16-49-50Z-2025-06-05,timeseries.json,1,499,423,820,35,3,0,5972
2000-01-04 00:00:00+00:00,inference-2026-08-20T16-49-50Z-2025-06-05,timeseries.json,0,3,36,59,0,0,0,92
2000-01-05 00:00:00+00:00,inference-2026-08-20T16-49-50Z-2025-06-05,timeseries.json,0,3,54,34,1,0,0,99
2000-01-06 00:00:00+00:00,inference-2026-08-20T16-49-50Z-2025-06-05,timeseries.json,0,2,34,34,2,0,0,93
2000-01-07 00:00:00+00:00,inference-2026-08-20T16-49-50Z-2025-06-05,timeseries.json,0,1,28,61,0,0,0,54
2000-01-08 00:00:00+00:00,inference-2026-08-20T16-49-50Z-2025-06-05,timeseries.json,0,3,39,43,4,0,0,77
2000-01-09 00:00:00+00:00,inference-2026-08-20T16-49-50Z-2025-06-05,timeseries.json,0,4,41,40,6,0,0,81
2000-01-10 00:00:00+00:00,inference-2026-08-20T16-49-50Z-2025-06-05,timeseries.json,0,0,25,43,2,0,0,139
2000-01-11 00:00:00+00:00,inference-2026-08-20T16-49-50Z-2025-06-05,timeseries.json,0,3,44,33,2,0,0,103
2000-01-12 00:00:00+00:00,inference-2026-08-20T16-49-50Z-2025-06-06,timeseries.json,0,6,11,7670,1,0,0,131
2000-01-13 00:00:00+00:00,inference-2026-08-20T16-49-50Z-2025-06-06,timeseries.json,0,1,2,2031,0,0,0,60
2000-01-14 00:00:00+00:00,inference-2026-08-20T16-49-50Z-2025-06-06,timeseries.json,0,3,25,92,7,0,0,147
2000-01-15 00:00:00+00:00,inference-2026-08-20T16-49-50Z-2025-06-06,timeseries.json,0,4,42,11,8,0,0,170
2000-01-16 00:00:00+00:00,inference-2026-08-20T16-49-50Z-2025-06-06,timeseries.json,0,7,57,10,9,0,0,195
2000-01-17 00:00:00+00:00,inference-2026-08-20T16-49-50Z-2025-06-06,timeseries.json,1,45,308,76,110,0,0,1491
2000-01-18 00:00:00+00:00,inference-2026-08-20T16-49-50Z-2025-06-06,timeseries.json,0,8,9,9941,8,0,0,269
2000-01-19 00:00:00+00:00,inference-2026-08-20T16-49-50Z-2025-06-06,timeseries.json,0,17,46,9789,17,0,0,332
2000-01-20 00:00:00+00:00,inference-2026-08-20T16-49-50Z-2025-06-06,timeseries.json,0,3,3,3169,3,0,0,82
2000-01-21 00:00:00+00:00,inference-2026-08-20T16-49-50Z-2025-06-06,timeseries.json,0,12,44,153,7,0,0,197
2000-01-22 00:00:00+00:00,inference-2026-08-20T16-49-50Z-2025-06-06,timeseries.json,0,5,70,31,20,1,0,314
2000-01-23 00:00:00+00:00,inference-2026-08-20T16-49-50Z-2025-06-06,timeseries.json,0,6,59,37,17,0,0,260
2000-01-24 00:00:00+00:00,inference-2026-08-20T16-49-50Z-2025-06-06,timeseries.json,0,17,68,20,23,1,0,281
2000-01-25 00:00:00+00:00,inference-2026-08-20T16-49-50Z-2025-06-06,timeseries.json,0,15,51,17,6,2,0,226
2000-01-26 00:00:00+00:00,inference-2026-08-20T16-49-50Z-2025-06-06,timeseries.json,2,33,102,3005,26,1,0,501
2000-01-27 00:00:00+00:00,inference-2026-08-20T16-49-50Z-2025-06-06,timeseries.json,0,32,210,1084,109,1,0,1317
2000-01-28 00:00:00+00:00,inference-2026-08-20T16-49-50Z-2025-06-06,timeseries.json,0,30,252,613,91,2,0,1480
2000-01-29 00:00:00+00:00,inference-2026-08-20T16-49-50Z-2025-06-06,timeseries.json,0,9,54,260,21,1,0,577
2000-01-30 00:00:00+00:00,inference-2026-08-20T16-49-50Z-2025-06-06,timeseries.json,0,2,7,17,7,0,0,93
2000-01-31 00:00:00+00:00,inference-2026-08-20T16-49-50Z-2025-06-06,timeseries.json,0,6,23,4,12,0,0,117
2000-02-01 00:00:00+00:00,inference-2026-08-20T16-49-50Z-2025-06-06,timeseries.json,0,3,12,6,3,0,0,132
2000-02-02 00:00:00+00:00,inference-2026-08-20T16-49-50Z-2025-06-06,timeseries.json,0,7,25,9,6,0,0,137
2000-02-03 00:00:00+00:00,inference-2026-08-20T16-49-50Z-2025-06-06,timeseries.json,0,5,17,6,5,0,0,131
2000-02-04 00:00:00+00:00,inference-2026-08-20T16-49-50Z-2025-06-06,timeseries.json,0,3,16,4,8,0,0,133
2000-02-05 00:00:00+00:00,inference-2026-08-20T16-49-50Z-2025-06-06,timeseries.json,0,2,15,4,11,1,0,141
2000-02-06 00:00:00+00:00,inference-2026-08-20T16-49-50Z-2025-06-06,timeseries.json,0,98,436,201,139,3,0,2339
2000-02-07 00:00:00+00:00,inference-2026-08-20T16-49-50Z-2025-06-06,timeseries.json,0,3,3,9102,0,0,0,295
2000-02-08 00:00:00+00:00,inference-2026-08-20T16-49-50Z-2025-06-06,timeseries.json,0,11,31,6263,8,0,0,251
2000-02-09 00:00:00+00:00,inference-2026-08-20T16-49-50Z-2025-06-06,timeseries.json,0,0,2,1538,1,0,0,26
2000-02-10 00:00:00+00:00,inference-2026-08-20T16-49-50Z-2025-06-06,timeseries.json,0,7,27,46,13,0,0,93
2000-02-11 00:00:00+00:00,inference-2026-08-20T16-49-50Z-2025-06-06,timeseries.json,0,7,28,4,18,0,0,81
2000-02-12 00:00:00+00:00,inference-2026-08-20T16-49-50Z-2025-06-06,timeseries.json,0,46,268,301,113,0,0,1263
2000-02-13 00:00:00+00:00,inference-2026-08-20T16-49-50Z-2025-06-06,timeseries.json,0,13,69,1829,40,0,0,410
2000-02-14 00:00:00+00:00,inference-2026-08-20T16-49-50Z-2025-06-06,timeseries.json,0,2,0,5667,2,0,0,208
2000-02-15 00:00:00+00:00,inference-2026-08-20T16-49-50Z-2025-06-06,timeseries.json,0,2,15,45,8,0,0,47
2000-02-16 00:00:00+00:00,inference-2026-08-20T16-49-50Z-2025-06-06,timeseries.json,0,4,19,9,8,0,0,71
2000-02-17 00:00:00+00:00,inference-2026-08-20T16-49-50Z-2025-06-06,timeseries.json,0,96,290,306,154,1,0,1445
2000-02-18 00:00:00+00:00,inference-2026-08-20T16-49-50Z-2025-06-06,timeseries.json,0,1,5,540,5,0,0,52
2000-02-19 00:00:00+00:00,inference-2026-08-20T16-49-50Z-2025-06-06,timeseries.json,0,48,200,3897,82,0,0,1104
2000-02-20 00:00:00+00:00,inference-2026-08-20T16-49-50Z-2025-06-06,timeseries.json,0,1,10,93,5,0,0,30
2000-02-21 00:00:00+00:00,inference-2026-08-20T16-49-50Z-2025-06-06,timeseries.json,0,1,7,12,6,0,0,71
2000-02-22 00:00:00+00:00,inference-2026-08-20T16-49-50Z-2025-06-06,timeseries.json,0,3,12,8,4,0,0,65
2000-02-23 00:00:00+00:00,inference-2026-08-20T16-49-50Z-2025-06-06,timeseries.json,0,6,17,5,9,0,0,81
2000-02-24 00:00:00+00:00,inference-2026-08-20T16-49-50Z-2025-06-06,timeseries.json,2,98,333,215,172,2,0,1694
2000-02-25 00:00:00+00:00,inference-2026-08-20T16-49-50Z-2025-06-06,timeseries.json,0,14,26,587,12,0,0,210
2000-02-26 00:00:00+00:00,inference-2026-08-20T16-49-50Z-2025-06-06,timeseries.json,0,3,4,7353,1,0,0,247
2000-02-27 00:00:00+00:00,inference-2026-08-20T16-49-50Z-2025-06-06,timeseries.json,0,3,9,147,4,0,0,34
2000-02-28 00:00:00+00:00,inference-2026-08-20T16-49-50Z-2025-06-06,timeseries.json,0,5,13,13,6,0,0,105
2000-02-29 00:00:00+00:00,inference-2026-08-20T16-49-50Z-2025-06-06,timeseries.json,0,1,18,8,6,0,0,75
2000-03-01 00:00:00+00:00,inference-2026-08-20T16-49-50Z-2025-06-06,timeseries.json,0,20,74,3452,47,0,0,548
2000-03-02 00:00:00+00:00,inference-2026-08-20T16-49-50Z-2025-06-06,timeseries.json,1,31,71,3677,54,0,0,609
2000-03-03 00:00:00+00:00,inference-2026-08-20T16-49-50Z-2025-06-06,timeseries.json,0,11,8,8685,8,0,0,380
2000-03-04 00:00:00+00:00,inference-2026-08-20T16-49-50Z-2025-06-06,timeseries.json,0,4,0,10257,0,0,0,414
2000-03-05 00:00:00+00:00,inference-2026-08-20T16-49-50Z-2025-06-06,timeseries.json,0,8,4,9053,1,0,0,371
2000-03-06 00:00:00+00:00,inference-2026-08-20T16-49-50Z-2025-06-06,timeseries.json,0,2,3,6479,0,0,0,294
2000-03-07 00:00:00+00:00,inference-2026-08-20T16-49-50Z-2025-06-06,timeseries.json,0,4,14,72,10,0,0,103
2000-03-08 00:00:00+00:00,inference-2026-08-20T16-49-50Z-2025-06-06,timeseries.json,0,0,10,3,8,0,0,88
2000-03-09 00:00:00+00:00,inference-2026-08-20T16-49-50Z-2025-06-06,timeseries.json,0,3,18,9,8,0,0,127
2000-03-10 00:00:00+00:00,inference-2026-08-20T16-49-50Z-2025-06-06,timeseries.json,0,18,72,8557,33,0,0,775
2000-03-11 00:00:00+00:00,inference-2026-08-20T16-49-50Z-2025-06-06,timeseries.json,0,3,4,9183,0,0,0,367
2000-03-12 00:00:00+00:00,inference-2026-08-20T16-49-50Z-2025-06-06,timeseries.json,0,17,78,4762,23,1,0,453
2000-03-13 00:00:00+00:00,inference-2026-08-20T16-49-50Z-2025-06-06,timeseries.json,0,4,39,15,11,0,0,148
2000-03-14 00:00:00+00:00,inference-2026-08-20T16-49-50Z-2025-06-06,timeseries.json,0,3,34,37,13,0,0,101
2000-03-15 00:00:00+00:00,inference-2026-08-20T16-49-50Z-2025-06-06,timeseries.json,0,75,424,466,193,0,0,1840
2000-03-16 00:00:00+00:00,inference-2026-08-20T16-49-50Z-2025-06-06,timeseries.json,0,3,1,5638,1,0,0,660
2000-03-17 00:00:00+00:00,inference-2026-08-20T16-49-50Z-2025-06-06,timeseries.json,0,1,0,6421,0,0,0,336
2000-03-18 00:00:00+00:00,inference-2026-08-20T16-49-50Z-2025-06-06,timeseries.json,0,0,1,6086,0,0,0,189
2000-03-19 00:00:00+00:00,inference-2026-08-20T16-49-50Z-2025-06-06,timeseries.json,0,4,24,17,10,0,0,71
2000-03-20 00:00:00+00:00,inference-2026-08-20T16-49-50Z-2025-06-06,timeseries.json,0,1,2,163,0,0,0,18
2000-03-21 00:00:00+00:00,inference-2026-08-20T16-49-50Z-2025-06-06,timeseries.json,0,5,17,12,8,0,0,86
2000-03-22 00:00:00+00:00,inference-2026-08-20T16-49-50Z-2025-06-06,timeseries.json,2,81,652,830,240,4,0,2564
2000-03-23 00:00:00+00:00,inference-2026-08-20T16-49-50Z-2025-06-06,timeseries.json,0,4,8,9510,1,0,0,303
2000-03-24 00:00:00+00:00,inference-2026-08-20T16-49-50Z-2025-06-06,timeseries.json,0,14,62,8370,9,0,0,364
2000-03-25 00:00:00+00:00,inference-2026-08-20T16-49-50Z-2025-06-06,timeseries.json,1,34,172,4256,44,0,0,760
2000-03-26 00:00:00+00:00,inference-2026-08-20T16-49-50Z-2025-06-06,timeseries.json,0,4,25,22,7,0,0,150
2000-03-27 00:00:00+00:00,inference-2026-08-20T16-49-50Z-2025-06-06,timeseries.json,0,5,26,63,15,0,0,193
2000-03-28 00:00:00+00:00,inference-2026-08-20T16-49-50Z-2025-06-06,timeseries.json,0,1,43,10,10,0,0,151
2000-03-29 00:00:00+00:00,inference-2026-08-20T16-49-50Z-2025-06-06,timeseries.json,0,10,79,55,30,0,0,455
2000-03-30 00:00:00+00:00,inference-2026-08-20T16-49-50Z-2025-06-06,timeseries.json,0,8,9,10598,3,0,0,316
2000-03-31 00:00:00+00:00,inference-2026-08-20T16-49-50Z-2025-06-06,timeseries.json,0,10,2,10594,3,0,0,306
2000-04-01 00:00:00+00:00,inference-2026-08-20T16-49-50Z-2025-06-06,timeseries.json,0,2,5,8598,2,0,0,263
2000-04-02 00:00:00+00:00,inference-2026-08-20T16-49-50Z-2025-06-06,timeseries.json,0,0,2,828,0,0,0,18
2000-04-03 00:00:00+00:00,inference-2026-08-20T16-49-50Z-2025-06-06,timeseries.json,0,5,27,25,24,0,0,163
2000-04-04 00:00:00+00:00,inference-2026-08-20T16-49-50Z-2025-06-06,timeseries.json,0,3,36,23,18,0,0,174
2000-04-05 00:00:00+00:00,inference-2026-08-20T16-49-50Z-2025-06-06,timeseries.json,0,13,37,5,23,1,0,225
2000-04-06 00:00:00+00:00,inference-2026-08-20T16-49-50Z-2025-06-06,timeseries.json,0,53,386,4173,302,0,0,1847
2000-04-07 00:00:00+00:00,inference-2026-08-20T16-49-50Z-2025-06-06,timeseries.json,0,3,3,10207,1,0,0,328
2000-04-08 00:00:00+00:00,inference-2026-08-20T16-49-50Z-2025-06-06,timeseries.json,0,0,1,4473,1,0,0,361
2000-04-09 00:00:00+00:00,inference-2026-08-20T16-49-50Z-2025-06-06,timeseries.json,1,8,40,44,17,0,0,298
2000-04-10 00:00:00+00:00,inference-2026-08-20T16-49-50Z-2025-06-06,timeseries.json,1,5,39,8,20,0,0,324
2000-04-11 00:00:00+00:00,inference-2026-08-20T16-49-50Z-2025-06-06,timeseries.json,0,8,41,55,19,0,0,349
2000-04-12 00:00:00+00:00,inference-2026-08-20T16-49-50Z-2025-06-06,timeseries.json,1,20,89,1837,83,0,0,570
2000-04-13 00:00:00+00:00,inference-2026-08-20T16-49-50Z-2025-06-06,timeseries.json,0,220,985,365,66,0,0,3708
2000-04-14 00:00:00+00:00,inference-2026-08-20T16-49-50Z-2025-06-06,timeseries.json,0,0,1,1625,0,0,0,74
2000-04-15 00:00:00+00:00,inference-2026-08-20T16-49-50Z-2025-06-06,timeseries.json,0,14,66,44,4,0,0,248
2000-04-16 00:00:00+00:00,inference-2026-08-20T16-49-50Z-2025-06-06,timeseries.json,0,9,51,35,6,0,0,225
2000-04-17 00:00:00+00:00,inference-2026-08-20T16-49-50Z-2025-06-06,timeseries.json,0,91,367,371,17,0,0,1405
2000-04-18 00:00:00+00:00,inference-2026-08-20T16-49-50Z-2025-06-06,timeseries.json,0,81,338,4816,21,0,0,1394
2000-04-19 00:00:00+00:00,inference-2026-08-20T16-49-50Z-2025-06-06,timeseries.json,0,9,36,5084,6,0,0,293
2000-04-20 00:00:00+00:00,inference-2026-08-20T16-49-50Z-2025-06-06,timeseries.json,0,7,47,59,7,1,0,250
2000-04-21 00:00:00+00:00,inference-2026-08-20T16-49-50Z-2025-06-06,timeseries.json,0,13,50,9,8,0,0,249
2000-04-22 00:00:00+00:00,inference-2026-08-20T16-49-50Z-2025-06-06,timeseries.json,0,79,408,1018,57,0,0,1706
2000-04-23 00:00:00+00:00,inference-2026-08-20T16-49-50Z-2025-06-06,timeseries.json,3,102,522,3647,190,0,0,2888
2000-04-24 00:00:00+00:00,inference-2026-08-20T16-49-50Z-2025-06-06,timeseries.json,2,63,331,3117,314,1,0,2220
2000-04-25 00:00:00+00:00,inference-2026-08-20T16-49-50Z-2025-06-06,timeseries.json,0,22,61,9528,21,0,0,592
2000-04-26 00:00:00+00:00,inference-2026-08-20T16-49-50Z-2025-06-06,timeseries.json,0,5,37,1625,23,0,0,243
2000-04-27 00:00:00+00:00,inference-2026-08-20T16-49-50Z-2025-06-06,timeseries.json,2,23,82,1660,7,0,0,430
2000-04-28 00:00:00+00:00,inference-2026-08-20T16-49-50Z-2025-06-06,timeseries.json,0,62,132,2208,14,0,0,805
2000-04-29 00:00:00+00:00,inference-2026-08-20T16-49-50Z-2025-06-06,timeseries.json,0,71,194,2369,22,0,0,1105
2000-04-30 00:00:00+00:00,inference-2026-08-20T16-49-50Z-2025-06-06,timeseries.json,1,2,4,3308,0,0,0,154
2000-05-01 00:00:00+00:00,inference-2026-08-20T16-49-50Z-2025-06-06,timeseries.json,0,10,50,74,4,1,0,218
2000-05-02 00:00:00+00:00,inference-2026-08-20T16-49-50Z-2025-06-06,timeseries.json,0,22,41,39,2,0,0,243
2000-05-03 00:00:00+00:00,inference-2026-08-20T16-49-50Z-2025-06-06,timeseries.json,1,124,304,328,22,0,0,1961
2000-05-04 00:00:00+00:00,inference-2026-08-20T16-49-50Z-2025-06-06,timeseries.json,0,40,153,1526,37,0,0,848
2000-05-05 00:00:00+00:00,inference-2026-08-20T16-49-50Z-2025-06-06,timeseries.json,0,2,2,6131,0,0,0,351
2000-05-06 00:00:00+00:00,inference-2026-08-20T16-49-50Z-2025-06-06,timeseries.json,1,11,72,45,36,1,0,450
2000-05-07 00:00:00+00:00,inference-2026-08-20T16-49-50Z-2025-06-06,timeseries.json,0,7,56,40,37,1,0,453
2000-05-08 00:00:00+00:00,inference-2026-08-20T16-49-50Z-2025-06-06,timeseries.json,1,32,153,112,129,3,0,1817
2000-05-09 00:00:00+00:00,inference-2026-08-20T16-49-50Z-2025-06-06,timeseries.json,0,29,109,1605,72,0,0,1161
2000-05-10 00:00:00+00:00,inference-2026-08-20T16-49-50Z-2025-06-06,timeseries.json,0,29,49,8748,19,0,0,531
2000-05-11 00:00:00+00:00,inference-2026-08-20T16-49-50Z-2025-06-06,timeseries.json,0,0,8,1421,1,0,0,88
2000-05-12 00:00:00+00:00,inference-2026-08-20T16-49-50Z-2025-06-06,timeseries.json,0,6,37,65,10,0,0,211
2000-05-13 00:00:00+00:00,inference-2026-08-20T16-49-50Z-2025-06-06,timeseries.json,0,5,30,37,12,0,0,184
2000-05-14 00:00:00+00:00,inference-2026-08-20T16-49-50Z-2025-06-06,timeseries.json,3,80,387,819,114,1,0,3031
2000-05-15 00:00:00+00:00,inference-2026-08-20T16-49-50Z-2025-06-06,timeseries.json,0,2,0,9321,0,0,0,496
2000-05-16 00:00:00+00:00,inference-2026-08-20T16-49-50Z-2025-06-06,timeseries.json,0,2,5,6287,4,0,0,222
2000-05-17 00:00:00+00:00,inference-2026-08-20T16-49-50Z-2025-06-06,timeseries.json,0,1,37,164,37,0,0,288
2000-05-18 00:00:00+00:00,inference-2026-08-20T16-49-50Z-2025-06-06,timeseries.json,0,6,18,245,23,1,0,272
2000-05-19 00:00:00+00:00,inference-2026-08-20T16-49-50Z-2025-06-06,timeseries.json,0,8,31,58,27,0,0,380
2000-05-20 00:00:00+00:00,inference-2026-08-20T16-49-50Z-2025-06-06,timeseries.json,2,44,238,1290,245,2,0,2540
2000-05-21 00:00:00+00:00,inference-2026-08-20T16-49-50Z-2025-06-06,timeseries.json,1,26,92,6528,108,2,0,1138
2000-05-22 00:00:00+00:00,inference-2026-08-20T16-49-50Z-2025-06-06,timeseries.json,0,0,1,1632,1,0,0,62
2000-05-23 00:00:00+00:00,inference-2026-08-20T16-49-50Z-2025-06-06,timeseries.json,0,9,32,36,29,0,0,350
2000-05-24 00:00:00+00:00,inference-2026-08-20T16-49-50Z-2025-06-06,timeseries.json,0,4,29,45,31,0,0,303
2000-05-25 00:00:00+00:00,inference-2026-08-20T16-49-50Z-2025-06-06,timeseries.json,1,54,172,479,124,0,1,1846
2000-05-26 00:00:00+00:00,inference-2026-08-20T16-49-50Z-2025-06-06,timeseries.json,0,21,24,7322,9,0,0,464
2000-05-27 00:00:00+00:00,inference-2026-08-20T16-49-50Z-2025-06-06,timeseries.json,0,8,5,6968,4,0,0,315
2000-05-28 00:00:00+00:00,inference-2026-08-20T16-49-50Z-2025-06-06,timeseries.json,0,3,24,2448,13,0,0,228
2000-05-29 00:00:00+00:00,inference-2026-08-20T16-49-50Z-2025-06-06,timeseries.json,0,9,20,113,17,0,0,165
2000-05-30 00:00:00+00:00,inference-2026-08-20T16-49-50Z-2025-06-06,timeseries.json,0,4,15,85,13,0,0,201
2000-05-31 00:00:00+00:00,inference-2026-08-20T16-49-50Z-2025-06-06,timeseries.json,0,12,36,75,9,0,0,193
2000-06-01 00:00:00+00:00,inference-2026-08-20T16-49-50Z-2025-06-06,timeseries.json,0,74,204,4786,149,0,0,1950
2000-06-02 00:00:00+00:00,inference-2026-08-20T16-49-50Z-2025-06-06,timeseries.json,0,14,7,8719,9,0,0,381
2000-06-03 00:00:00+00:00,inference-2026-08-20T16-49-50Z-2025-06-06,timeseries.json,0,1,1,4830,1,0,0,192
2000-06-04 00:00:00+00:00,inference-2026-08-20T16-49-50Z-2025-06-07,timeseries.json,0,4,8,1952,6,0,0,113
2000-06-05 00:00:00+00:00,inference-2026-08-20T16-49-50Z-2025-06-07,timeseries.json,0,9,18,158,10,0,0,122
2000-06-06 00:00:00+00:00,inference-2026-08-20T16-49-50Z-2025-06-07,timeseries.json,0,5,13,34,4,0,0,87
2000-06-07 00:00:00+00:00,inference-2026-08-20T16-49-50Z-2025-06-07,timeseries.json,0,9,27,85,14,0,0,181
2000-06-08 00:00:00+00:00,inference-2026-08-20T16-49-50Z-2025-06-07,timeseries.json,3,131,483,1407,257,1,0,3102
2000-06-09 00:00:00+00:00,inference-2026-08-20T16-49-50Z-2025-06-07,timeseries.json,0,6,6,8906,5,0,0,355
2000-06-10 00:00:00+00:00,inference-2026-08-20T16-49-50Z-2025-06-07,timeseries.json,0,2,3,8749,5,0,0,347
2000-06-11 00:00:00+00:00,inference-2026-08-20T16-49-50Z-2025-06-07,timeseries.json,0,1,4,244,2,0,0,33
2000-06-12 00:00:00+00:00,inference-2026-08-20T16-49-50Z-2025-06-07,timeseries.json,0,3,16,61,10,0,0,131
2000-06-13 00:00:00+00:00,inference-2026-08-20T16-49-50Z-2025-06-07,timeseries.json,0,9,5,320,4,0,0,111
2000-06-14 00:00:00+00:00,inference-2026-08-20T16-49-50Z-2025-06-07,timeseries.json,0,3,9,40,4,0,0,89
2000-06-15 00:00:00+00:00,inference-2026-08-20T16-49-50Z-2025-06-07,timeseries.json,1,103,325,1679,172,4,0,2463
2000-06-16 00:00:00+00:00,inference-2026-08-20T16-49-50Z-2025-06-07,timeseries.json,0,1,0,9333,0,0,0,490
2000-06-17 00:00:00+00:00,inference-2026-08-20T16-49-50Z-2025-06-07,timeseries.json,0,6,2,9562,0,0,0,360
2000-06-18 00:00:00+00:00,inference-2026-08-20T16-49-50Z-2025-06-07,timeseries.json,0,1,3,267,2,0,0,36
2000-06-19 00:00:00+00:00,inference-2026-08-20T16-49-50Z-2025-06-07,timeseries.json,0,1,8,30,8,0,0,51
2000-06-20 00:00:00+00:00,inference-2026-08-20T16-49-50Z-2025-06-07,timeseries.json,3,107,282,1893,147,4,0,2064
2000-06-21 00:00:00+00:00,inference-2026-08-20T16-49-50Z-2025-06-07,timeseries.json,0,2,2,9644,1,0,0,460
2000-06-22 00:00:00+00:00,inference-2026-08-20T16-49-50Z-2025-06-07,timeseries.json,1,2,1,10335,0,0,0,412
2000-06-23 00:00:00+00:00,inference-2026-08-20T16-49-50Z-2025-06-07,timeseries.json,0,2,0,2876,0,0,0,118
2000-06-24 00:00:00+00:00,inference-2026-08-20T16-49-50Z-2025-06-07,timeseries.json,1,8,10,63,7,1,0,90
2000-06-25 00:00:00+00:00,inference-2026-08-20T16-49-50Z-2025-06-07,timeseries.json,0,4,6,114,8,0,0,67
2000-06-26 00:00:00+00:00,inference-2026-08-20T16-49-50Z-2025-06-07,timeseries.json,2,78,196,1375,152,2,0,1622
2000-06-27 00:00:00+00:00,inference-2026-08-20T16-49-50Z-2025-06-07,timeseries.json,0,1,10,489,7,0,0,96
2000-06-28 00:00:00+00:00,inference-2026-08-20T16-49-50Z-2025-06-07,timeseries.json,1,2,6,211,2,0,0,93
2000-06-29 00:00:00+00:00,inference-2026-08-20T16-49-50Z-2025-06-07,timeseries.json,1,6,16,488,7,2,0,167
2000-06-30 00:00:00+00:00,inference-2026-08-20T16-49-50Z-2025-06-07,timeseries.json,0,26,66,3659,34,1,0,646
2000-07-01 00:00:00+00:00,inference-2026-08-20T16-49-50Z-2025-06-07,timeseries.json,0,1,13,38,6,0,0,44
2000-07-02 00:00:00+00:00,inference-2026-08-20T16-49-50Z-2025-06-07,timeseries.json,0,1,6,41,2,0,0,83
2000-07-03 00:00:00+00:00,inference-2026-08-20T16-49-50Z-2025-06-07,timeseries.json,0,3,7,51,9,0,0,87
2000-07-04 00:00:00+00:00,inference-2026-08-20T16-49-50Z-2025-06-07,timeseries.json,0,83,205,2685,123,0,0,1782
2000-07-05 00:00:00+00:00,inference-2026-08-20T16-49-50Z-2025-06-07,timeseries.json,0,4,3,4109,3,0,0,158
2000-07-06 00:00:00+00:00,inference-2026-08-20T16-49-50Z-2025-06-07,timeseries.json,0,2,1,3733,1,0,0,125
2000-07-07 00:00:00+00:00,inference-2026-08-20T16-49-50Z-2025-06-07,timeseries.json,0,3,23,53,14,0,0,129
2000-07-08 00:00:00+00:00,inference-2026-08-20T16-49-50Z-2025-06-07,timeseries.json,0,5,16,63,5,0,0,92
2000-07-09 00:00:00+00:00,inference-2026-08-20T16-49-50Z-2025-06-07,timeseries.json,0,16,91,342,76,0,0,741
2000-07-10 00:00:00+00:00,inference-2026-08-20T16-49-50Z-2025-06-07,timeseries.json,0,1,4,2851,2,0,0,133
2000-07-11 00:00:00+00:00,inference-2026-08-20T16-49-50Z-2025-06-07,timeseries.json,0,8,18,4339,13,0,0,257
2000-07-12 00:00:00+00:00,inference-2026-08-20T16-49-50Z-2025-06-07,timeseries.json,0,1,12,449,13,0,0,108
2000-07-13 00:00:00+00:00,inference-2026-08-20T16-49-50Z-2025-06-07,timeseries.json,0,14,16,96,18,0,0,178
2000-07-14 00:00:00+00:00,inference-2026-08-20T16-49-50Z-2025-06-07,timeseries.json,1,7,20,32,20,0,0,179
2000-07-15 00:00:00+00:00,inference-2026-08-20T16-49-50Z-2025-06-07,timeseries.json,0,5,23,66,24,0,0,164
2000-07-16 00:00:00+00:00,inference-2026-08-20T16-49-50Z-2025-06-07,timeseries.json,0,55,260,579,230,0,0,1612
